{"stat.walkOneCm":56826,"stat.leaveGame":5,"stat.craftItem.minecraft.crafting_table":1,"stat.pickup.biomesoplenty.biome_essence":1,"stat.pickup.minecraft.log":8,"stat.jump":185,"stat.swimOneCm":955,"stat.fallOneCm":3404,"stat.climbOneCm":74,"stat.drop.minecraft.sapling":1,"stat.crouchOneCm":374,"stat.craftItem.tconstruct.tooltables":1,"stat.pickup.minecraft.sapling":1,"stat.sprintOneCm":15992,"stat.pickup.biomesoplenty.flower_0":1,"stat.useItem.minecraft.stone_slab2":1,"stat.mineBlock.biomesoplenty.flower_0":1,"stat.craftItem.minecraft.planks":28,"stat.mineBlock.biomesoplenty.biome_block":1,"stat.damageTaken":270,"stat.pickup.biomesoplenty.berries":10,"stat.useItem.minecraft.diamond_pickaxe":1,"stat.mobKills":1,"stat.killEntity.mocreatures:jellyfish":1,"stat.mineBlock.minecraft.log":8,"stat.mineBlock.biomesoplenty.plant_0":1,"stat.pickup.chococraft.gysahl_green_seeds":5,"stat.flyOneCm":383028,"stat.deaths":1,"stat.drop":1,"stat.mineBlock.minecraft.leaves":4,"stat.playOneMinute":32363,"stat.sneakTime":621,"stat.damageDealt":100,"stat.timeSinceDeath":20940,"stat.pickup.chococraft.gysahl_green":4,"stat.useItem.biomesoplenty.berries":7,"stat.mineBlock.minecraft.tallgrass":2,"stat.diveOneCm":6314}