{"stat.walkOneCm":18605,"stat.craftItem.minecraft.planks":28,"stat.leaveGame":4,"stat.mineBlock.biomesoplenty.biome_block":1,"stat.damageTaken":40,"stat.craftItem.minecraft.crafting_table":1,"stat.useItem.minecraft.diamond_pickaxe":1,"stat.pickup.biomesoplenty.biome_essence":1,"stat.mineBlock.minecraft.log":7,"stat.mineBlock.biomesoplenty.plant_0":1,"stat.pickup.minecraft.log":7,"stat.flyOneCm":376439,"stat.deaths":1,"stat.jump":120,"stat.playOneMinute":22336,"stat.fallOneCm":2986,"stat.climbOneCm":74,"stat.sneakTime":527,"stat.crouchOneCm":171,"stat.timeSinceDeath":10913,"stat.craftItem.tconstruct.tooltables":1,"stat.sprintOneCm":13291,"stat.useItem.minecraft.stone_slab2":1}