{"stat.chestOpened":1,"stat.pickup.tconstruct.tooltables":1,"stat.pickup.harvestcraft.kaleitem":1,"stat.walkOneCm":122305,"stat.mineBlock.biomesoplenty.leaves_4":26,"stat.pickup.harvestcraft.riceitem":1,"stat.leaveGame":5,"stat.pickup.harvestcraft.waterchestnutitem":1,"stat.craftItem.minecraft.crafting_table":1,"stat.mineBlock.minecraft.coal_ore":5,"stat.pickup.biomesoplenty.biome_essence":1,"stat.pickup.minecraft.log":10,"stat.jump":338,"stat.swimOneCm":4175,"stat.pickup.minecraft.coal":5,"stat.fallOneCm":4300,"stat.climbOneCm":649,"stat.useItem.harvestcraft.riceitem":1,"stat.drop.minecraft.sapling":1,"stat.crouchOneCm":3286,"stat.craftItem.tconstruct.tooltables":1,"stat.pickup.minecraft.sapling":2,"stat.useItem.chococraft.gysahl_green":10,"stat.pickup.minecraft.dirt":24,"stat.useItem.minecraft.dirt":10,"stat.sprintOneCm":19702,"stat.pickup.biomesoplenty.flower_0":1,"stat.useItem.minecraft.stone_slab2":4,"stat.mineBlock.biomesoplenty.flower_0":1,"stat.useItem.harvestcraft.cranberryitem":1,"stat.craftItem.minecraft.stick":16,"stat.useItem.harvestcraft.cottonitem":1,"stat.useItem.carryon.tile_item":1,"stat.craftItem.minecraft.planks":40,"stat.mineBlock.tconstruct.tooltables":1,"stat.mineBlock.biomesoplenty.biome_block":1,"stat.damageTaken":380,"stat.pickup.biomesoplenty.berries":10,"stat.useItem.minecraft.diamond_pickaxe":1,"stat.craftItem.minecraft.stone_pickaxe":2,"stat.useItem.minecraft.wooden_pickaxe":59,"stat.mobKills":1,"stat.killEntity.mocreatures:jellyfish":1,"stat.pickup.minecraft.cobblestone":187,"stat.pickup.harvestcraft.blueberryitem":1,"stat.useItem.harvestcraft.waterchestnutitem":1,"stat.mineBlock.minecraft.log":10,"stat.mineBlock.biomesoplenty.plant_0":3,"stat.pickup.chococraft.gysahl_green_seeds":16,"stat.craftItem.minecraft.stone_sword":1,"stat.flyOneCm":391543,"stat.deaths":1,"stat.pickup.harvestcraft.cranberryitem":1,"stat.drop":1,"stat.pickup.minecraft.brown_mushroom":1,"stat.mineBlock.minecraft.leaves":7,"stat.playOneMinute":44063,"stat.useItem.minecraft.stone_pickaxe":131,"stat.sneakTime":1996,"stat.damageDealt":110,"stat.timeSinceDeath":32640,"stat.mineBlock.harvestcraft.soggygarden":2,"stat.pickup.chococraft.gysahl_green":10,"stat.useItem.biomesoplenty.berries":10,"stat.mineBlock.minecraft.dirt":24,"stat.craftItem.minecraft.wooden_pickaxe":1,"stat.mineBlock.minecraft.stone":187,"stat.mineBlock.minecraft.tallgrass":4,"stat.diveOneCm":9330,"stat.pickup.harvestcraft.cottonitem":1}