{"stat.chestOpened":5,"stat.pickup.tconstruct.tooltables":1,"stat.pickup.minecraft.boat":1,"stat.mineBlock.byg.oakleavesred":22,"stat.walkOneCm":358966,"stat.drop.gravestone.death_info":1,"stat.leaveGame":1,"stat.useItem.minecraft.log":3,"stat.pickup.minecraft.crafting_table":1,"stat.drop.minecraft.ladder":1,"stat.craftItem.minecraft.crafting_table":2,"stat.useItem.harvestcraft.tealeafitem":1,"stat.useItem.harvestcraft.leekitem":1,"stat.craftItem.minecraft.boat":1,"stat.talkedToVillager":1,"stat.pickup.minecraft.log":17,"stat.pickup.harvestcraft.turnipitem":1,"stat.jump":996,"stat.swimOneCm":7421,"stat.mineBlock.minecraft.ladder":1,"stat.fallOneCm":18538,"stat.climbOneCm":922,"stat.craftItem.minecraft.birch_boat":1,"stat.entityKilledBy.Skeleton":1,"stat.pickup.byg.reeds":3,"stat.mineBlock.minecraft.wool":85,"stat.crouchOneCm":12527,"stat.mineBlock.harvestcraft.shadedgarden":1,"stat.pickup.byg.zelkovalog":16,"stat.craftItem.tconstruct.tooltables":1,"stat.pickup.minecraft.dirt":209,"stat.useItem.minecraft.dirt":139,"stat.useItem.chococraft.gysahl_green":21,"stat.sprintOneCm":31891,"stat.pickup.minecraft.wooden_door":1,"stat.useItem.minecraft.stone_slab2":9,"stat.pickup.minecraft.ladder":1,"stat.mineBlock.byg.brownbirchleaves":1,"stat.mineBlock.biomesoplenty.grass":1,"stat.drop.chococraft.gysahl_green_seeds":93,"stat.craftingTableInteraction":1,"stat.mineBlock.byg.oakleavesorange":4,"stat.boatOneCm":150628,"stat.craftItem.minecraft.planks":56,"stat.mineBlock.tconstruct.tooltables":1,"stat.mineBlock.byg.oakleavesdrygreen":1,"stat.damageTaken":514,"stat.killEntity.Spider":1,"stat.mineBlock.minecraft.crafting_table":1,"stat.mineBlock.byg.zelkovalog":16,"stat.useItem.minecraft.birch_boat":2,"stat.pickup.minecraft.birch_boat":1,"stat.useItem.harvestcraft.turnipitem":1,"stat.mobKills":2,"stat.mineBlock.minecraft.log":17,"stat.mineBlock.biomesoplenty.plant_0":4,"stat.pickup.chococraft.gysahl_green_seeds":94,"stat.mineBlock.byg.reed":1,"stat.flyOneCm":142456,"stat.pickup.minecraft.bed":4,"stat.useItem.minecraft.boat":1,"stat.deaths":1,"stat.drop":45,"stat.pickup.minecraft.wheat_seeds":48,"stat.drop.biomesoplenty.dirt":1,"stat.drop.byg.redoaksapling":4,"stat.playOneMinute":45532,"stat.pickup.biomesoplenty.dirt":1,"stat.drop.minecraft.wheat_seeds":48,"stat.pickup.byg.angelica":1,"stat.pickup.byg.redoaksapling":4,"stat.pickup.harvestcraft.tealeafitem":1,"stat.sneakTime":3063,"stat.pickup.minecraft.wool":85,"stat.pickup.harvestcraft.leekitem":1,"stat.damageDealt":369,"stat.killEntity.Zombie":1,"stat.timeSinceDeath":29783,"stat.pickup.chococraft.gysahl_green":51,"stat.mineBlock.minecraft.dirt":210,"stat.mineBlock.minecraft.tallgrass":277,"stat.diveOneCm":17380}