{"stat.pickup.minecraft.sand":1,"stat.walkOneCm":9924,"stat.killEntity.Chicken":6,"stat.leaveGame":3,"stat.pickup.minecraft.feather":10,"stat.mobKills":7,"stat.flyOneCm":39065,"stat.drop":1,"stat.jump":59,"stat.swimOneCm":186,"stat.playOneMinute":5660,"stat.drop.minecraft.sand":1,"stat.sneakTime":79,"stat.pickup.treasure2.iron_lock":2,"stat.damageDealt":390,"stat.pickup.minecraft.porkchop":2,"stat.crouchOneCm":213,"stat.pickup.minecraft.chicken":6,"stat.timeSinceDeath":5660,"stat.sprintOneCm":3959,"stat.useItem.minecraft.stone_slab2":1,"stat.useItem.minecraft.spawn_egg":4}