{"stat.pickup.tconstruct.tooltables":1,"stat.pickup.minecraft.boat":1,"stat.mineBlock.byg.oakleavesred":22,"stat.walkOneCm":127686,"stat.drop.gravestone.death_info":1,"stat.leaveGame":1,"stat.craftItem.minecraft.crafting_table":1,"stat.useItem.harvestcraft.tealeafitem":1,"stat.useItem.harvestcraft.leekitem":1,"stat.craftItem.minecraft.boat":1,"stat.talkedToVillager":1,"stat.pickup.minecraft.log":17,"stat.pickup.harvestcraft.turnipitem":1,"stat.jump":582,"stat.swimOneCm":1058,"stat.fallOneCm":11778,"stat.entityKilledBy.Skeleton":1,"stat.pickup.byg.reeds":3,"stat.mineBlock.minecraft.wool":45,"stat.crouchOneCm":12428,"stat.mineBlock.harvestcraft.shadedgarden":1,"stat.craftItem.tconstruct.tooltables":1,"stat.pickup.minecraft.dirt":208,"stat.useItem.minecraft.dirt":138,"stat.useItem.chococraft.gysahl_green":2,"stat.sprintOneCm":15597,"stat.useItem.minecraft.stone_slab2":7,"stat.mineBlock.byg.brownbirchleaves":1,"stat.drop.chococraft.gysahl_green_seeds":54,"stat.mineBlock.byg.oakleavesorange":4,"stat.boatOneCm":27923,"stat.craftItem.minecraft.planks":24,"stat.mineBlock.tconstruct.tooltables":1,"stat.mineBlock.byg.oakleavesdrygreen":1,"stat.damageTaken":230,"stat.useItem.harvestcraft.turnipitem":1,"stat.mobKills":1,"stat.mineBlock.minecraft.log":17,"stat.pickup.chococraft.gysahl_green_seeds":54,"stat.mineBlock.byg.reed":1,"stat.flyOneCm":94580,"stat.pickup.minecraft.bed":3,"stat.useItem.minecraft.boat":1,"stat.deaths":1,"stat.drop":25,"stat.pickup.minecraft.wheat_seeds":44,"stat.drop.byg.redoaksapling":4,"stat.playOneMinute":20332,"stat.drop.minecraft.wheat_seeds":43,"stat.pickup.byg.angelica":1,"stat.pickup.byg.redoaksapling":4,"stat.pickup.harvestcraft.tealeafitem":1,"stat.sneakTime":2958,"stat.pickup.minecraft.wool":45,"stat.pickup.harvestcraft.leekitem":1,"stat.damageDealt":194,"stat.killEntity.Zombie":1,"stat.timeSinceDeath":4583,"stat.pickup.chococraft.gysahl_green":28,"stat.mineBlock.minecraft.dirt":209,"stat.mineBlock.minecraft.tallgrass":273,"stat.diveOneCm":4232}