{"stat.walkOneCm":41693,"stat.mineBlock.byg.oakleavesorange":1,"stat.leaveGame":1,"stat.mineBlock.byg.oakleavesdrygreen":1,"stat.useItem.harvestcraft.turnipitem":1,"stat.useItem.harvestcraft.tealeafitem":1,"stat.useItem.harvestcraft.leekitem":1,"stat.mineBlock.minecraft.log":6,"stat.pickup.chococraft.gysahl_green_seeds":12,"stat.talkedToVillager":1,"stat.mineBlock.byg.reed":1,"stat.pickup.minecraft.log":6,"stat.flyOneCm":54642,"stat.pickup.minecraft.bed":1,"stat.pickup.harvestcraft.turnipitem":1,"stat.drop":9,"stat.pickup.minecraft.wheat_seeds":41,"stat.jump":280,"stat.swimOneCm":469,"stat.playOneMinute":8632,"stat.fallOneCm":4683,"stat.drop.minecraft.wheat_seeds":24,"stat.pickup.byg.angelica":1,"stat.pickup.harvestcraft.tealeafitem":1,"stat.sneakTime":1900,"stat.pickup.minecraft.wool":45,"stat.pickup.byg.reeds":3,"stat.pickup.harvestcraft.leekitem":1,"stat.mineBlock.minecraft.wool":45,"stat.crouchOneCm":10458,"stat.mineBlock.harvestcraft.shadedgarden":1,"stat.timeSinceDeath":8632,"stat.pickup.chococraft.gysahl_green":9,"stat.pickup.minecraft.dirt":204,"stat.useItem.minecraft.dirt":128,"stat.useItem.chococraft.gysahl_green":2,"stat.sprintOneCm":6173,"stat.mineBlock.minecraft.dirt":205,"stat.useItem.minecraft.stone_slab2":3,"stat.mineBlock.minecraft.tallgrass":265,"stat.diveOneCm":471,"stat.drop.chococraft.gysahl_green_seeds":12}