{
  "galacticraftcore:galacticraft/root": {
    "criteria": {
      "tick": "2024-07-10 17:50:01 -0500"
    },
    "done": true
  },
  "fossil:fossil/root": {
    "criteria": {
      "tick": "2024-07-10 17:50:01 -0500"
    },
    "done": true
  },
  "mowziesmobs:root": {
    "criteria": {
      "custom_test_name": "2024-07-10 17:50:01 -0500"
    },
    "done": true
  },
  "biomesoplenty:recipes/buildingblocks/honeycomb_block": {
    "criteria": {
      "has_item": "2024-07-10 18:01:24 -0500"
    },
    "done": true
  },
  "biomesoplenty:recipes/tools/biome_finder": {
    "criteria": {
      "has_artifact": "2024-07-10 18:01:25 -0500"
    },
    "done": true
  },
  "cfm:root": {
    "criteria": {
      "tick": "2024-07-10 17:50:01 -0500"
    },
    "done": true
  },
  "cfm:install": {
    "criteria": {
      "tick": "2024-07-10 17:50:01 -0500"
    },
    "done": true
  },
  "minecraft:adventure/adventuring_time": {
    "criteria": {
      "forest": "2024-07-10 17:51:12 -0500",
      "swampland": "2024-07-10 18:07:16 -0500",
      "birch_forest": "2024-07-10 18:06:13 -0500",
      "beaches": "2024-07-10 18:04:04 -0500",
      "desert_hills": "2024-07-10 18:04:09 -0500",
      "plains": "2024-07-10 17:50:00 -0500",
      "savanna": "2024-07-10 18:00:48 -0500",
      "savanna_rock": "2024-07-10 18:04:51 -0500",
      "roofed_forest": "2024-07-10 18:05:13 -0500",
      "river": "2024-07-10 18:04:37 -0500",
      "desert": "2024-07-10 18:04:06 -0500"
    },
    "done": false
  },
  "rats:rats/root": {
    "criteria": {
      "tick": "2024-07-10 17:50:01 -0500"
    },
    "done": true
  }
}