{
  "galacticraftcore:galacticraft/root": {
    "criteria": {
      "tick": "2024-07-10 22:50:01 +0000"
    },
    "done": true
  },
  "fossil:fossil/root": {
    "criteria": {
      "tick": "2024-07-10 22:50:01 +0000"
    },
    "done": true
  },
  "mowziesmobs:root": {
    "criteria": {
      "custom_test_name": "2024-07-10 22:50:01 +0000"
    },
    "done": true
  },
  "biomesoplenty:recipes/buildingblocks/honeycomb_block": {
    "criteria": {
      "has_item": "2024-07-10 23:01:24 +0000"
    },
    "done": true
  },
  "biomesoplenty:recipes/tools/biome_finder": {
    "criteria": {
      "has_artifact": "2024-07-10 23:01:25 +0000"
    },
    "done": true
  },
  "cfm:root": {
    "criteria": {
      "tick": "2024-07-10 22:50:01 +0000"
    },
    "done": true
  },
  "cfm:install": {
    "criteria": {
      "tick": "2024-07-10 22:50:01 +0000"
    },
    "done": true
  },
  "minecraft:adventure/adventuring_time": {
    "criteria": {
      "forest": "2024-07-10 22:51:12 +0000",
      "swampland": "2024-07-10 23:07:16 +0000",
      "birch_forest": "2024-07-10 23:06:13 +0000",
      "beaches": "2024-07-10 23:04:04 +0000",
      "desert_hills": "2024-07-10 23:04:09 +0000",
      "plains": "2024-07-10 22:50:00 +0000",
      "savanna": "2024-07-10 23:00:48 +0000",
      "savanna_rock": "2024-07-10 23:04:51 +0000",
      "roofed_forest": "2024-07-10 23:05:13 +0000",
      "river": "2024-07-10 23:04:37 +0000",
      "desert": "2024-07-10 23:04:06 +0000"
    },
    "done": false
  },
  "rats:rats/root": {
    "criteria": {
      "tick": "2024-07-10 22:50:01 +0000"
    },
    "done": true
  }
}